model_name,lang,attack_rate
Gemma_2_9b,Hindi,0.8405275779376499
Gemma_2_9b,English,0.8321342925659473
Llama-3.2-3b,Hindi,0.5287769784172662
Llama-3.2-3b,English,0.3770983213429256
Llama-3.1-8b,Hindi,0.5977218225419664
Llama-3.1-8b,English,0.53477225419664
Mixtral_8x7b,English,0.670263788968825
Mixtral_8x7b,Hindi,0.6594724220623501
phi_3_mini,English,0.4694244604316547
phi_3_mini,Hindi,0.4562350119904076
